Top pages,Clicks,Impressions,CTR,Position
https://salestaxquestions.com/avalara-vs-numeral-vs-taxcloud,1,219,0.46%,11.89
https://salestaxquestions.com/what-data-do-i-need-to-export-from-taxjar,1,22,4.55%,15.55
https://salestaxquestions.com/colorado-gun-and-ammunition-excise-tax/,0,121,0%,10.4
https://www.salestaxquestions.com/colorado-home-rule-cities-what-they-are-and-how-they-affect-filing,0,79,0%,15.63
https://salestaxquestions.com/best-sales-tax-software-for-shopify,0,56,0%,18.29
https://salestaxquestions.com/sales-tax-in-arizona,0,35,0%,51.89
https://www.salestaxquestions.com/colorado-gun-and-ammunition-excise-tax/,0,26,0%,9.5
https://www.salestaxquestions.com/how-long-are-exemption-certificates-valid,0,19,0%,10.16
https://www.salestaxquestions.com/what-are-the-biggest-sales-tax-mistakes-scaling-ecommerce-brands-make,0,17,0%,8.12
https://salestaxquestions.com/sales-tax-in-mississippi,0,15,0%,57.6
https://www.salestaxquestions.com/what-is-the-most-common-economic-nexus-threshold,0,14,0%,7.14
https://www.salestaxquestions.com/topics/state-guides,0,14,0%,38.79
https://salestaxquestions.com/what-is-the-difference-between-us-sales-tax-eu-vat-and-canadian-gst,0,11,0%,7.73
https://www.salestaxquestions.com/how-do-i-integrate-taxcloud-with-shopify-bigcommerce-woocommerce,0,11,0%,8.73
https://salestaxquestions.com/if-i-refund-a-customer-is-the-sales-tax-also-refunded,0,10,0%,7.8
https://www.salestaxquestions.com/what-is-the-difference-between-a-resale-certificate-and-an-exemption-certificate/,0,10,0%,8.3
https://www.salestaxquestions.com/topics/audits-penalties,0,10,0%,45.8
https://salestaxquestions.com/how-does-bigcommerce-handle-sales-tax-natively,0,9,0%,9.56
https://salestaxquestions.com/do-i-need-to-file-a-zero-return-if-i-have-no-sales,0,9,0%,10.11
https://salestaxquestions.com/are-dietary-supplements-and-vitamins-taxable/,0,9,0%,12.44
https://salestaxquestions.com/how-do-i-manage-exemption-certificates-across-multiple-states/,0,9,0%,24.67
https://www.salestaxquestions.com/sales-tax-in-mississippi,0,9,0%,34.33
https://www.salestaxquestions.com/do-i-need-to-renew-my-sales-tax-license,0,8,0%,7.12
https://salestaxquestions.com/,0,8,0%,9
https://salestaxquestions.com/what-is-the-sst-exemption-certificate,0,8,0%,9.25
https://salestaxquestions.com/how-do-i-leave-numeral/,0,7,0%,6.86
https://salestaxquestions.com/how-do-i-file-across-20-plus-states/,0,7,0%,7.29
https://www.salestaxquestions.com/sales-tax-in-florida,0,7,0%,18.71
https://www.salestaxquestions.com/topics/sales-tax-basics,0,7,0%,59.29
https://salestaxquestions.com/topics/marketplace-facilitators/,0,7,0%,93.86
https://salestaxquestions.com/sales-tax-software-vs-managed-compliance-service/,0,6,0%,4.17
https://www.salestaxquestions.com/how-do-i-integrate-taxcloud-with-shopify-bigcommerce-woocommerce/,0,6,0%,7.33
https://www.salestaxquestions.com/sales-tax-in-tennessee,0,6,0%,7.83
https://salestaxquestions.com/registered-mid-month-when-does-sales-tax-obligation-start,0,6,0%,8
https://salestaxquestions.com/how-is-the-nexus-threshold-calculated-calendar-year-or-trailing-12-months,0,6,0%,9.67
https://www.salestaxquestions.com/sales-tax-in-texas,0,6,0%,10
https://salestaxquestions.com/is-switching-sales-tax-software-worth-it,0,6,0%,11.17
https://www.salestaxquestions.com/how-is-the-nexus-threshold-calculated-calendar-year-or-trailing-12-months/,0,5,0%,1.6
https://salestaxquestions.com/how-does-bigcommerce-handle-sales-tax-natively/,0,5,0%,22.4
https://salestaxquestions.com/sales-tax-in-wyoming,0,5,0%,57
https://salestaxquestions.com/how-do-i-reconcile-amazon-1099k-with-state-sales-tax-filings/,0,5,0%,57.6
https://www.salestaxquestions.com/is-shopify-built-in-tax-enough-for-multi-state-compliance/,0,5,0%,78.8
https://salestaxquestions.com/do-trade-shows-trigger-sales-tax-nexus,0,4,0%,7.75
https://salestaxquestions.com/what-is-a-direct-pay-permit,0,4,0%,11.75
https://www.salestaxquestions.com/sales-tax-in-illinois/,0,4,0%,92.75
https://salestaxquestions.com/topics/state-guides,0,3,0%,4.67
https://www.salestaxquestions.com/can-my-filing-frequency-change-as-revenue-grows,0,3,0%,5.67
https://salestaxquestions.com/how-do-i-use-the-mtc-multi-state-vda-program,0,3,0%,8.33
https://salestaxquestions.com/which-states-are-sst-member-states/,0,3,0%,9.33
https://www.salestaxquestions.com/are-clothing-and-apparel-items-taxable,0,3,0%,15
https://salestaxquestions.com/how-do-i-cancel-my-avalara-contract/,0,3,0%,30
https://www.salestaxquestions.com/sales-tax-in-massachusetts/,0,3,0%,82.67
https://salestaxquestions.com/how-do-i-handle-vat-for-eu-customers/,0,2,0%,2
https://www.salestaxquestions.com/are-subscription-memberships-taxable,0,2,0%,7
https://www.salestaxquestions.com/sales-tax-in-maryland,0,2,0%,7.5
https://salestaxquestions.com/why-do-sales-tax-rules-differ-so-dramatically-by-state,0,2,0%,9.5
https://salestaxquestions.com/how-do-i-register-in-california-pin-by-mail/,0,2,0%,19.5
https://salestaxquestions.com/sales-tax-in-washington/,0,2,0%,22
https://www.salestaxquestions.com/are-services-taxable/,0,2,0%,41.5
https://salestaxquestions.com/sales-tax-in-north-carolina/,0,2,0%,43
https://salestaxquestions.com/sales-tax-in-ohio/,0,2,0%,69.5
https://salestaxquestions.com/sales-tax-in-missouri/,0,2,0%,70
https://www.salestaxquestions.com/sales-tax-in-louisiana/,0,2,0%,80.5
https://www.salestaxquestions.com/what-is-the-difference-between-filing-and-remittance/,0,2,0%,89
https://salestaxquestions.com/how-are-bundled-products-taxed/,0,1,0%,1
https://salestaxquestions.com/is-there-a-grace-period-between-crossing-threshold-and-registering,0,1,0%,2
https://salestaxquestions.com/sales-tax-in-oklahoma/,0,1,0%,3
https://www.salestaxquestions.com/topics/mid-market,0,1,0%,3
https://salestaxquestions.com/is-sales-tax-charged-on-shipping-if-listed-separately-on-invoice/,0,1,0%,4
https://salestaxquestions.com/what-happens-to-sales-tax-registrations-when-i-sell-my-business/,0,1,0%,5
https://salestaxquestions.com/why-does-sst-require-monthly-filing/,0,1,0%,5
https://salestaxquestions.com/how-do-i-file-a-final-return-when-closing-a-permit,0,1,0%,7
https://salestaxquestions.com/what-are-the-biggest-sales-tax-mistakes-scaling-ecommerce-brands-make,0,1,0%,9
https://www.salestaxquestions.com/how-do-i-handle-vat-for-eu-customers/,0,1,0%,9
https://salestaxquestions.com/does-amazon-cover-all-states-or-are-there-gaps/,0,1,0%,11
https://salestaxquestions.com/do-i-need-to-backfile-sales-tax-for-periods-i-missed/,0,1,0%,12
https://salestaxquestions.com/topics/excise-tax-special-cases,0,1,0%,12
https://salestaxquestions.com/how-do-i-register-for-sst-through-a-csp/,0,1,0%,17
https://www.salestaxquestions.com/what-is-a-voluntary-disclosure-agreement,0,1,0%,39
https://www.salestaxquestions.com/do-i-need-to-backfile-sales-tax-for-periods-i-missed/,0,1,0%,48
https://www.salestaxquestions.com/sales-tax-in-vermont/,0,1,0%,76
https://www.salestaxquestions.com/sales-tax-in-maine/,0,1,0%,81
https://salestaxquestions.com/sales-tax-in-indiana/,0,1,0%,86
https://salestaxquestions.com/does-sst-membership-simplify-registration/,0,1,0%,87
https://salestaxquestions.com/states/,0,1,0%,87
https://www.salestaxquestions.com/what-should-i-do-if-i-receive-a-sales-tax-notice/,0,1,0%,94
https://www.salestaxquestions.com/can-a-vda-protect-me-from-penalties/,0,1,0%,97